type,name,module,path,hash
"csv","agent-manifest","_cfg","bmad/_cfg/agent-manifest.csv","f44999c320809097e1310c49d7cdcfe876cfbd9e600fdfa361a59a3844ba2c01"
"csv","task-manifest","_cfg","bmad/_cfg/task-manifest.csv","7fccf1cdffa6d592342f9edd9e13c042fffea2dbcbb79b043fbd69a7e610c875"
"csv","workflow-manifest","_cfg","bmad/_cfg/workflow-manifest.csv","e707d49fc94274a581275e2476fd6dcba4b9f457bb7e83c923e116268c13622b"
"yaml","manifest","_cfg","bmad/_cfg/manifest.yaml","b7fd2bb437b86a31951c2065ba6288355c3923807003cc677459387404d670c4"
"js","installer","bmb","bmad/bmb/workflows/create-module/installer-templates/installer.js","309ecdf2cebbb213a9139e5b7780d0d42bd60f665c497691773f84202e6667a7"
"md","agent-architecture","bmb","bmad/bmb/workflows/create-agent/agent-architecture.md","d6018eab926f038bf0df30e3f906c31097aaffbe6a7da3c4f42be32536561951"
"md","agent-command-patterns","bmb","bmad/bmb/workflows/create-agent/agent-command-patterns.md","81e3fd0e23b6d170e58c98817b70479227ce91adc1440f4f2554e5a98887cb4f"
"md","agent-types","bmb","bmad/bmb/workflows/create-agent/agent-types.md","f0ba54dc5f3bec53160773a261183c6b2986c92efaed75e8cb3593c32ed8b9a4"
"md","bmad-builder","bmb","bmad/bmb/agents/bmad-builder.md","d9079f11e5bc78846e42f8f88570f74cbfea3657e31c03472fa09d6fcf948c9d"
"md","brainstorm-context","bmb","bmad/bmb/workflows/create-agent/brainstorm-context.md","85be72976c4ff5d79b2bce8e6b433f5e3526a7466a72b3efdb4f6d3d118e1d15"
"md","brainstorm-context","bmb","bmad/bmb/workflows/create-module/brainstorm-context.md","62b902177d2cb56df2d6a12e5ec5c7d75ec94770ce22ac72c96691a876ed2e6a"
"md","brainstorm-context","bmb","bmad/bmb/workflows/create-workflow/brainstorm-context.md","f246ec343e338068b37fee8c93aa6d2fe1d4857addba6db3fe6ad80a2a2950e8"
"md","checklist","bmb","bmad/bmb/workflows/audit-workflow/checklist.md","2e9fc9abe6dfbe5906cb20c9c1ef9d222070bf558db0da68b6fcde3969102ee6"
"md","checklist","bmb","bmad/bmb/workflows/convert-legacy/checklist.md","40ae7527e72b13a02672a8cf98b224ac6e8b6563fc91285b627869bcc3484fb7"
"md","checklist","bmb","bmad/bmb/workflows/create-agent/checklist.md","1caaf50fe01c5bbaf8d311b0218a19944620561d3dc3b1dbf2b4140aeb0683f3"
"md","checklist","bmb","bmad/bmb/workflows/create-module/checklist.md","6ca49bfca71e603c80d5ff84e6c330bf95f1ecee642840fdddaa2b6f98bba1a3"
"md","checklist","bmb","bmad/bmb/workflows/create-workflow/checklist.md","5177e91bedcb515fa09f3a2bad36c2579d0201ac502a1262ba64f515daca41df"
"md","checklist","bmb","bmad/bmb/workflows/create-workflow/workflow-template/checklist.md","a950c68c71cd54b5a3ef4c8d68ad8ec40d5d1fa057f7c95e697e975807ae600b"
"md","checklist","bmb","bmad/bmb/workflows/edit-agent/checklist.md","c993ca3b42b461df2c9d6c2d5d399e51170abacbd7c1eef1ccff1ea24f52df01"
"md","checklist","bmb","bmad/bmb/workflows/edit-module/checklist.md","a30511053672ff986786543022b186487aec9ed09485c515b0d03a1f968c00df"
"md","checklist","bmb","bmad/bmb/workflows/edit-workflow/checklist.md","9677c087ddfb40765e611de23a5a009afe51c347683dfe5f7d9fd33712ac4795"
"md","checklist","bmb","bmad/bmb/workflows/module-brief/checklist.md","4710f9c7e48a1cb29b225d43955bf313271dc7f9bb471bfecb1a8edf5f57a10a"
"md","checklist","bmb","bmad/bmb/workflows/redoc/checklist.md","2117d60b14e19158f4b586878b3667d715d3b62f79815b72b55c2376ce31aae8"
"md","communication-styles","bmb","bmad/bmb/workflows/create-agent/communication-styles.md","96249cca9bee8f10b376e131729c633ea08328c44eaa6889343d2cf66127043e"
"md","instructions","bmb","bmad/bmb/workflows/audit-workflow/instructions.md","bcc6bb5061061615f4682e3f00be5bc41ba4cd701bfdc31b2709fc743dec60b7"
"md","instructions","bmb","bmad/bmb/workflows/convert-legacy/instructions.md","6be0e83abff42583b88527d885d8253a7ed9863cae23d93d276167196fc77fd3"
"md","instructions","bmb","bmad/bmb/workflows/create-agent/instructions.md","c65684d2882d6da7341e0beedef39459b3614ea4bf68a4498aba2aadc3c36174"
"md","instructions","bmb","bmad/bmb/workflows/create-module/instructions.md","640113b47f8b62e40583f39d127a83e0960d297dd9058ffdd7029dd741f19d8b"
"md","instructions","bmb","bmad/bmb/workflows/create-workflow/instructions.md","0c2195b6bb6bc830f16c60b50d3996fa6d53f7900ba0b196398ea91736183b1b"
"md","instructions","bmb","bmad/bmb/workflows/create-workflow/workflow-template/instructions.md","40757b8b91e4d0f130695f71d2c445038dbc305b531b637efd2c5f2c70b9e3fe"
"md","instructions","bmb","bmad/bmb/workflows/edit-agent/instructions.md","28ac10303c2493efb2b94ef68ee0dada862371e34f5ef96266cec4566345f78d"
"md","instructions","bmb","bmad/bmb/workflows/edit-module/instructions.md","1dfece3903ddfec71f8802cc17ecde4a66b5131dce223b898a769f05092eb39d"
"md","instructions","bmb","bmad/bmb/workflows/edit-workflow/instructions.md","55cbdd9c105efbe611aa9a869febb36064e7b3ab95e1fb59b42005646374e756"
"md","instructions","bmb","bmad/bmb/workflows/module-brief/instructions.md","a1386d90d1d347c4bad17b628f3c201e1a61d162ffe8468bba89ef377996ce8c"
"md","instructions","bmb","bmad/bmb/workflows/redoc/instructions.md","77af051a08bc8f34f8f75c7f522cb8862613f412556a4a0ee2379bbe6d7b3a4b"
"md","module-structure","bmb","bmad/bmb/workflows/create-module/module-structure.md","032bd574cf5a6c86ad967ec7f827a337ffe4ec68f0fa180d18863e275bd1b1e8"
"md","README","bmb","bmad/bmb/README.md","aa2beac1fb84267cbaa6d7eb541da824c34177a17cd227f11b189ab3a1e06d33"
"md","README","bmb","bmad/bmb/workflows/convert-legacy/README.md","a5fa14007024d5ee9c2d793bd0d50874b662a2ea501dbcf017dfaf80e8384965"
"md","README","bmb","bmad/bmb/workflows/create-agent/README.md","622efda446ed0b94484f63d267c14617e9c0090b53a1069de19a600ec54d769d"
"md","README","bmb","bmad/bmb/workflows/create-module/README.md","bd510d67395896d198eef7bf607141853be2ceb3b0a5670389fb77c7e56088ef"
"md","README","bmb","bmad/bmb/workflows/create-workflow/README.md","a30aed2d7956f7d7a0c5e0a1edd151b86512e0d3e814f37aa137a53743cadcfd"
"md","README","bmb","bmad/bmb/workflows/edit-agent/README.md","fadee8e28804d5b6d6668689ee83e024035d2be2840fd6c359e0e095f0e4dcf9"
"md","README","bmb","bmad/bmb/workflows/edit-module/README.md","f95914b31f5118eba63e737f1198b08bb7ab4f8dbb8dfdc06ac2e85d9acd4f90"
"md","README","bmb","bmad/bmb/workflows/edit-workflow/README.md","2db00015c03a3ed7df4ff609ac27a179885145e4c8190862eea70d8b894ee9be"
"md","README","bmb","bmad/bmb/workflows/module-brief/README.md","3b6456ebaff447a2312d1274b50bad538da6a8e7c73c2e7e4d5b7f6092852219"
"md","README","bmb","bmad/bmb/workflows/redoc/README.md","47b93484d09c4bf1848e046223aa365377606bbb7b09acc2b5e499bc7eac2fa2"
"md","template","bmb","bmad/bmb/workflows/audit-workflow/template.md","98e65880cac3ffb123e513abd48710e57e461418dd79a07d6b712505ed3ddb0e"
"md","template","bmb","bmad/bmb/workflows/create-workflow/workflow-template/template.md","c98f65a122035b456f1cbb2df6ecaf06aa442746d93a29d1d0ed2fc9274a43ee"
"md","template","bmb","bmad/bmb/workflows/module-brief/template.md","7d1ad5ec40b06510fcbb0a3da8ea32aefa493e5b04c3a2bba90ce5685b894275"
"md","workflow-creation-guide","bmb","bmad/bmb/workflows/create-workflow/workflow-creation-guide.md","26fe479fba9af99ca65933b383353e4b23825a85483b51278dab0cc0ae4ebf3e"
"yaml","bmad-builder.agent","bmb","bmad/bmb/agents/bmad-builder.agent.yaml",""
"yaml","config","bmb","bmad/bmb/config.yaml","93959e798941fd714aa4264e1c0001245fcf3be23d1301be0595070bf784085d"
"yaml","install-config","bmb","bmad/bmb/workflows/create-module/installer-templates/install-config.yaml","484448c87b55725f2cb5eb8661c4706b7d43ddbb94bbfe98abaab591bcef32d0"
"yaml","workflow","bmb","bmad/bmb/workflows/audit-workflow/workflow.yaml","12dbdf2b847380b7fa6a7903571344cc739d65b16fd6bae6c4367e2d67042030"
"yaml","workflow","bmb","bmad/bmb/workflows/convert-legacy/workflow.yaml","10a6ac62bf809d700dd2029784a9138e8eeef7dc2141845fffd681e98e1307ce"
"yaml","workflow","bmb","bmad/bmb/workflows/create-agent/workflow.yaml","218755daff8057cdc680b6bbf0164c6b3fa809fa94e43ed496dcaabbcd716528"
"yaml","workflow","bmb","bmad/bmb/workflows/create-module/workflow.yaml","728d652409d4fdf72c7c7f4312f87a71144939e6c4d0b88d8acd3a2c4723508f"
"yaml","workflow","bmb","bmad/bmb/workflows/create-workflow/workflow-template/workflow.yaml","a6067898980e4652865e4cf7d4a4abd273de3573b5b299001e6d4e52919406ed"
"yaml","workflow","bmb","bmad/bmb/workflows/create-workflow/workflow.yaml","6c66b60f1c71d95fb892a699a98558bbfdf6ce56951af45fed77c5b781f35025"
"yaml","workflow","bmb","bmad/bmb/workflows/edit-agent/workflow.yaml","5c7678bf2f3702bc052973f35a564eeed2bf7ee9e6ee7103eafede358f724a23"
"yaml","workflow","bmb","bmad/bmb/workflows/edit-module/workflow.yaml","25ee3994fad9845ae7d3f8979ab0e08548f4f5473a04bf2fd9704bf42793dc1f"
"yaml","workflow","bmb","bmad/bmb/workflows/edit-workflow/workflow.yaml","996f51e3fca2fdf45e10e502e3f2079519cbdf16261c9c62d46cb0412161894d"
"yaml","workflow","bmb","bmad/bmb/workflows/module-brief/workflow.yaml","1a178ab87b8f602a5a27262ee2276fe16ea0f132c888524d774dde0dd6ba4b9f"
"yaml","workflow","bmb","bmad/bmb/workflows/redoc/workflow.yaml","467ef6657aec0b889555ad9590cd0bbcec448678366a4c4438dbbd23d658c44a"
"csv","default-party","bmm","bmad/bmm/teams/default-party.csv","5cac772c6ca7510b511c90f3e5c135cd42dc0ab567a6ded3c3cfb4fb032f2f6e"
"csv","documentation-requirements","bmm","bmad/bmm/workflows/document-project/documentation-requirements.csv","d1253b99e88250f2130516b56027ed706e643bfec3d99316727a4c6ec65c6c1d"
"csv","domain-complexity","bmm","bmad/bmm/workflows/2-plan-workflows/prd/domain-complexity.csv","ed4d30e9fd87db2d628fb66cac7a302823ef6ebb3a8da53b9265326f10a54e11"
"csv","pattern-categories","bmm","bmad/bmm/workflows/3-solutioning/architecture/pattern-categories.csv","d9a275931bfed32a65106ce374f2bf8e48ecc9327102a08f53b25818a8c78c04"
"csv","project-types","bmm","bmad/bmm/workflows/2-plan-workflows/prd/project-types.csv","7a01d336e940fb7a59ff450064fd1194cdedda316370d939264a0a0adcc0aca3"
"csv","tea-index","bmm","bmad/bmm/testarch/tea-index.csv","23b0e383d06e039a77bb1611b168a2bb5323ed044619a592ac64e36911066c83"
"json","excalidraw-library","bmm","bmad/bmm/workflows/frame-expert/_shared/excalidraw-library.json","8e5079f4e79ff17f4781358423f2126a1f14ab48bbdee18fd28943865722030c"
"json","project-scan-report-schema","bmm","bmad/bmm/workflows/document-project/templates/project-scan-report-schema.json","53255f15a10cab801a1d75b4318cdb0095eed08c51b3323b7e6c236ae6b399b7"
"md","agents-guide","bmm","bmad/bmm/docs/agents-guide.md","c70830b78fa3986d89400bbbc6b60dae1ff2ff0e55e3416f6a2794079ead870e"
"md","analyst","bmm","bmad/bmm/agents/analyst.md","5b208b3a0fc971cf93b9bd05af9a1e0ab0844d85ef3c80c66a896882a926fe21"
"md","architect","bmm","bmad/bmm/agents/architect.md","bd0dfccceea30b8091f80dc25f8c792ca2826d23a3b5688f44d63ae144306693"
"md","architecture-template","bmm","bmad/bmm/workflows/3-solutioning/architecture/architecture-template.md","a4908c181b04483c589ece1eb09a39f835b8a0dcb871cb624897531c371f5166"
"md","atdd-checklist-template","bmm","bmad/bmm/workflows/testarch/atdd/atdd-checklist-template.md","9944d7b488669bbc6e9ef537566eb2744e2541dad30a9b2d9d4ae4762f66b337"
"md","backlog_template","bmm","bmad/bmm/workflows/4-implementation/code-review/backlog_template.md","84b1381c05012999ff9a8b036b11c8aa2f926db4d840d256b56d2fa5c11f4ef7"
"md","brownfield-guide","bmm","bmad/bmm/docs/brownfield-guide.md","8cc867f2a347579ca2d4f3965bb16b85924fabc65fe68fa213d8583a990aacd6"
"md","checklist","bmm","bmad/bmm/workflows/1-analysis/product-brief/checklist.md","d801d792e3cf6f4b3e4c5f264d39a18b2992a197bc347e6d0389cc7b6c5905de"
"md","checklist","bmm","bmad/bmm/workflows/1-analysis/research/checklist.md","eca09a6e7fc21316b11c022395b729dd56a615cbe483932ba65e1c11be9d95ed"
"md","checklist","bmm","bmad/bmm/workflows/2-plan-workflows/create-ux-design/checklist.md","1aa5bc2ad9409fab750ce55475a69ec47b7cdb5f4eac93b628bb5d9d3ea9dacb"
"md","checklist","bmm","bmad/bmm/workflows/2-plan-workflows/prd/checklist.md","9c3f0452b3b520ac2e975bf8b3e0325f07c40ff45d20f79aad610e489167770e"
"md","checklist","bmm","bmad/bmm/workflows/2-plan-workflows/tech-spec/checklist.md","905a709418504f88775c37e46d89164f064fb4fefc199dab55e568ef67bde06b"
"md","checklist","bmm","bmad/bmm/workflows/3-solutioning/architecture/checklist.md","625df65f77ceaf7193cdac0e7bc0ffda39bf6b18f698859b10c50c2588a5dc56"
"md","checklist","bmm","bmad/bmm/workflows/3-solutioning/implementation-readiness/checklist.md","6024d4064ad1010a9bbdbaa830c01adba27c1aba6bf0153d88eee460427af799"
"md","checklist","bmm","bmad/bmm/workflows/4-implementation/code-review/checklist.md","549f958bfe0b28f33ed3dac7b76ea8f266630b3e67f4bda2d4ae85be518d3c89"
"md","checklist","bmm","bmad/bmm/workflows/4-implementation/correct-course/checklist.md","c02bdd4bf4b1f8ea8f7c7babaa485d95f7837818e74cef07486a20b31671f6f5"
"md","checklist","bmm","bmad/bmm/workflows/4-implementation/create-story/checklist.md","e3a636b15f010fc0c337e35c2a9427d4a0b9746f7f2ac5dda0b2f309f469f5d1"
"md","checklist","bmm","bmad/bmm/workflows/4-implementation/dev-story/checklist.md","77cecc9d45050de194300c841e7d8a11f6376e2fbe0a5aac33bb2953b1026014"
"md","checklist","bmm","bmad/bmm/workflows/4-implementation/epic-tech-context/checklist.md","630a0c5b75ea848a74532f8756f01ec12d4f93705a3f61fcde28bc42cdcb3cf3"
"md","checklist","bmm","bmad/bmm/workflows/4-implementation/sprint-planning/checklist.md","80b10aedcf88ab1641b8e5f99c9a400c8fd9014f13ca65befc5c83992e367dd7"
"md","checklist","bmm","bmad/bmm/workflows/4-implementation/story-context/checklist.md","29f17f8b5c0c4ded3f9ca7020b5a950ef05ae3c62c3fadc34fc41b0c129e13ca"
"md","checklist","bmm","bmad/bmm/workflows/document-project/checklist.md","2f1edb9e5e0b003f518b333ae842f344ff94d4dda7df07ba7f30c5b066013a68"
"md","checklist","bmm","bmad/bmm/workflows/frame-expert/create-dataflow/checklist.md","f420aaf346833dfda5454ffec9f90a680e903453bcc4d3e277d089e6781fec55"
"md","checklist","bmm","bmad/bmm/workflows/frame-expert/create-diagram/checklist.md","6357350a6e2237c1b819edd8fc847e376192bf802000cb1a4337c9584fc91a18"
"md","checklist","bmm","bmad/bmm/workflows/frame-expert/create-flowchart/checklist.md","45aaf882b8e9a1042683406ae2cfc0b23d3d39bd1dac3ddb0778d5b7165f7047"
"md","checklist","bmm","bmad/bmm/workflows/frame-expert/create-wireframe/checklist.md","588f9354bf366c173aa261cf5a8b3a87c878ea72fd2c0f8088c4b3289e984641"
"md","checklist","bmm","bmad/bmm/workflows/testarch/atdd/checklist.md","c4fa594d949dd8f1f818c11054b28643b458ab05ed90cf65f118deb1f4818e9f"
"md","checklist","bmm","bmad/bmm/workflows/testarch/automate/checklist.md","bf1ae220c15c9f263967d1606658b19adcd37d57aef2b0faa30d34f01e5b0d22"
"md","checklist","bmm","bmad/bmm/workflows/testarch/ci/checklist.md","c40143aaf0e34c264a2f737e14a50ec85d861bda78235cf01a3c63413d996dc8"
"md","checklist","bmm","bmad/bmm/workflows/testarch/framework/checklist.md","16cc3aee710abb60fb85d2e92f0010b280e66b38fac963c0955fb36e7417103a"
"md","checklist","bmm","bmad/bmm/workflows/testarch/nfr-assess/checklist.md","044416df40402db39eb660509eedadafc292c16edc247cf93812f2a325ee032c"
"md","checklist","bmm","bmad/bmm/workflows/testarch/test-design/checklist.md","1a7e5e975d5a2bd3afd81e743e5ee3a2aa72571fce250caac24a6643808394eb"
"md","checklist","bmm","bmad/bmm/workflows/testarch/test-review/checklist.md","0626c675114c23019e20e4ae2330a64baba43ad11774ff268c027b3c584a0891"
"md","checklist","bmm","bmad/bmm/workflows/testarch/trace/checklist.md","a4468ae2afa9cf676310ec1351bb34317d5390e4a02ded9684cc15a62f2fd4fd"
"md","checklist-deep-prompt","bmm","bmad/bmm/workflows/1-analysis/research/checklist-deep-prompt.md","5caaa34bd252cf26e50f75d25b6cff8cfaf2f56615f1141cd75225e7d8e9b00a"
"md","checklist-technical","bmm","bmad/bmm/workflows/1-analysis/research/checklist-technical.md","aab903438d953c3b3f5a9b1090346452077db4e3cda3ce5af3a564b52b4487fc"
"md","ci-burn-in","bmm","bmad/bmm/testarch/knowledge/ci-burn-in.md","de0092c37ea5c24b40a1aff90c5560bbe0c6cc31702de55d4ea58c56a2e109af"
"md","component-tdd","bmm","bmad/bmm/testarch/knowledge/component-tdd.md","88bd1f9ca1d5bcd1552828845fe80b86ff3acdf071bac574eda744caf7120ef8"
"md","contract-testing","bmm","bmad/bmm/testarch/knowledge/contract-testing.md","d8f662c286b2ea4772213541c43aebef006ab6b46e8737ebdc4a414621895599"
"md","data-factories","bmm","bmad/bmm/testarch/knowledge/data-factories.md","d7428fe7675da02b6f5c4c03213fc5e542063f61ab033efb47c1c5669b835d88"
"md","deep-dive-instructions","bmm","bmad/bmm/workflows/document-project/workflows/deep-dive-instructions.md","a567fc43c918ca3f77440e75ce2ac7779740550ad848cade130cca1837115c1e"
"md","deep-dive-template","bmm","bmad/bmm/workflows/document-project/templates/deep-dive-template.md","6198aa731d87d6a318b5b8d180fc29b9aa53ff0966e02391c17333818e94ffe9"
"md","dev","bmm","bmad/bmm/agents/dev.md","743ea74fb57a5075f6b826783af5838f0e740d95fa2336c09e6e726bca80cd0a"
"md","documentation-standards","bmm","bmad/bmm/workflows/techdoc/documentation-standards.md","fc26d4daff6b5a73eb7964eacba6a4f5cf8f9810a8c41b6949c4023a4176d853"
"md","email-auth","bmm","bmad/bmm/testarch/knowledge/email-auth.md","43f4cc3138a905a91f4a69f358be6664a790b192811b4dfc238188e826f6b41b"
"md","enterprise-agentic-development","bmm","bmad/bmm/docs/enterprise-agentic-development.md","260b02514513338ec6712810abd1646ac4416cafce87db0ff6ddde6f824d8fd7"
"md","epics-template","bmm","bmad/bmm/workflows/2-plan-workflows/create-epics-and-stories/epics-template.md","9adb82dfce092b40756578c15eddab540c5c987abd7fcc323f3d76b2999eb115"
"md","epics-template","bmm","bmad/bmm/workflows/2-plan-workflows/tech-spec/epics-template.md","2eb396607543da58e6accdf0617773d9db059632ef8cb069ec745b790274704c"
"md","error-handling","bmm","bmad/bmm/testarch/knowledge/error-handling.md","8a314eafb31e78020e2709d88aaf4445160cbefb3aba788b62d1701557eb81c1"
"md","excalidraw-helpers","bmm","bmad/bmm/workflows/frame-expert/_shared/excalidraw-helpers.md","37f18fa0bd15f85a33e7526a2cbfe1d5a9404f8bcb8febc79b782361ef790de4"
"md","faq","bmm","bmad/bmm/docs/faq.md","ae791150e73625c79a93f07e9385f45b7c2026676071a0e7de6bc4ebebb317cf"
"md","feature-flags","bmm","bmad/bmm/testarch/knowledge/feature-flags.md","f6db7e8de2b63ce40a1ceb120a4055fbc2c29454ad8fca5db4e8c065d98f6f49"
"md","fixture-architecture","bmm","bmad/bmm/testarch/knowledge/fixture-architecture.md","a3b6c1bcaf5e925068f3806a3d2179ac11dde7149e404bc4bb5602afb7392501"
"md","frame-expert","bmm","bmad/bmm/agents/frame-expert.md","b87accc8ebaca459d0b135c739f0a30534b8e72d66f52dde4d5950ef2bc04355"
"md","full-scan-instructions","bmm","bmad/bmm/workflows/document-project/workflows/full-scan-instructions.md","6c6e0d77b33f41757eed8ebf436d4def69cd6ce412395b047bf5909f66d876aa"
"md","glossary","bmm","bmad/bmm/docs/glossary.md","f194e68adad2458d6bdd41f4b4fab95c241790cf243807748f4ca3f35cef6676"
"md","index-template","bmm","bmad/bmm/workflows/document-project/templates/index-template.md","42c8a14f53088e4fda82f26a3fe41dc8a89d4bcb7a9659dd696136378b64ee90"
"md","instructions","bmm","bmad/bmm/workflows/1-analysis/brainstorm-project/instructions.md","bedd2e74055a9b9d6516221f4788286b313353fc636d3bc43ec147c3e27eba72"
"md","instructions","bmm","bmad/bmm/workflows/1-analysis/domain-research/instructions.md","12068fa7f84b41ab922a1b4e8e9b2ef8bcb922501d2470a3221b457dd5d05384"
"md","instructions","bmm","bmad/bmm/workflows/1-analysis/product-brief/instructions.md","d68bc5aaf6acc38d185c8cb888bb4f4ca3fb53b05f73895c37f4dcfc5452f9ee"
"md","instructions","bmm","bmad/bmm/workflows/2-plan-workflows/create-epics-and-stories/instructions.md","e46c893a0a6ae1976564fe41825320ed1d0df916e5a503155258c4cd5f4a9004"
"md","instructions","bmm","bmad/bmm/workflows/2-plan-workflows/create-ux-design/instructions.md","40d5e921c28c3cd83ec8d7e699fc72d182e8611851033057bab29f304dd604c4"
"md","instructions","bmm","bmad/bmm/workflows/2-plan-workflows/prd/instructions.md","cf7f00a321b830768be65d37747d0ed4d35bab8a314c0865375a1dc386f58e0e"
"md","instructions","bmm","bmad/bmm/workflows/2-plan-workflows/tech-spec/instructions.md","d8f46330cb32c052549abb2bd0c5034fd15b97622ba66c82b8119fa70a91af04"
"md","instructions","bmm","bmad/bmm/workflows/3-solutioning/architecture/instructions.md","a5d71dc77c15138ac208c1b20bc525b299fef188fc0cba232a38b936caa9fa7b"
"md","instructions","bmm","bmad/bmm/workflows/3-solutioning/implementation-readiness/instructions.md","d000a383dffcd6606a4984fa332cc6294d784f1db841739161c0cde030613c49"
"md","instructions","bmm","bmad/bmm/workflows/4-implementation/code-review/instructions.md","608b47fd427649324ece2a5e687d40a99705b06d757f4ba5db5c261985482e41"
"md","instructions","bmm","bmad/bmm/workflows/4-implementation/correct-course/instructions.md","36bdc26a75adcba6aba508f3384512502d6640f96926742666e026f1eb380666"
"md","instructions","bmm","bmad/bmm/workflows/4-implementation/create-story/instructions.md","38179e6b27b944e54bab9d69a12c0945893d70653899b13a5dc33adcc8129dce"
"md","instructions","bmm","bmad/bmm/workflows/4-implementation/dev-story/instructions.md","b3126a4f11f089601297276da36ad3d5e3777973500032e37cb1754b202a3ae4"
"md","instructions","bmm","bmad/bmm/workflows/4-implementation/epic-tech-context/instructions.md","9269596a5626c328963f5362a564f698dbfed7c6a9ef4e4f58d19621b1a664ca"
"md","instructions","bmm","bmad/bmm/workflows/4-implementation/retrospective/instructions.md","affe11f9528d7ed244a5def0209097826686ef39626c8219c23f5174b0e657cb"
"md","instructions","bmm","bmad/bmm/workflows/4-implementation/sprint-planning/instructions.md","0456996ca4dc38e832d64b72650c4f6f1048c0ce6e8d996a5a0ec16bc9a589f5"
"md","instructions","bmm","bmad/bmm/workflows/4-implementation/story-context/instructions.md","d7a522e129bd0575f6ffbd19f23bf4fba619a7ce4d007a4c81007b3925dd4389"
"md","instructions","bmm","bmad/bmm/workflows/4-implementation/story-done/instructions.md","52163e1df2e75f1d34cad513b386ac73bada53784e827cca28d0ea9f05dc8ec4"
"md","instructions","bmm","bmad/bmm/workflows/4-implementation/story-ready/instructions.md","21e20a6ba037962b8cf6d818f1f35bf0303232c406e469b2f2e60e9ca3a01a3d"
"md","instructions","bmm","bmad/bmm/workflows/document-project/instructions.md","c67bd666382131bead7d4ace1ac6f0c9acd2d1d1b2a82314b4b90bda3a15eeb4"
"md","instructions","bmm","bmad/bmm/workflows/frame-expert/create-dataflow/instructions.md","81d8e56977a53c64aeffea818838fd8001ad9f91498f56cab34c20f6b326441e"
"md","instructions","bmm","bmad/bmm/workflows/frame-expert/create-diagram/instructions.md","595a901e79a5fcd312978515744eb466701d5976d6c5e8c88b1d22dab95c9533"
"md","instructions","bmm","bmad/bmm/workflows/frame-expert/create-flowchart/instructions.md","1f92b7b43aac5a80679a7740b5df471a39d24d6494fcf1f05b13495b372befe1"
"md","instructions","bmm","bmad/bmm/workflows/frame-expert/create-wireframe/instructions.md","1a803848002563c98b65f47e5fa0b343e42be320936eb4eb891d1ff97fccd346"
"md","instructions","bmm","bmad/bmm/workflows/testarch/atdd/instructions.md","dcd052e78a069e9548d66ba679ed5db66e94b8ef5b3a02696837b77a641abcad"
"md","instructions","bmm","bmad/bmm/workflows/testarch/automate/instructions.md","8e6cb0167b14b345946bb7e46ab2fb02a9ff2faab9c3de34848e2d4586626960"
"md","instructions","bmm","bmad/bmm/workflows/testarch/ci/instructions.md","abdf97208c19d0cb76f9e5387613a730e56ddd90eb87523a8c8f1b03f20647a3"
"md","instructions","bmm","bmad/bmm/workflows/testarch/framework/instructions.md","936b9770dca2c65b38bc33e2e85ccf61e0b5722fc046eeae159a3efcbc361e30"
"md","instructions","bmm","bmad/bmm/workflows/testarch/nfr-assess/instructions.md","7de16907253721c8baae2612be35325c6fa543765377783763a09739fa71f072"
"md","instructions","bmm","bmad/bmm/workflows/testarch/test-design/instructions.md","effd3832628d45caecdb7cef43e0cdc8b8b928418b752feaa9f30398b7a4c0f7"
"md","instructions","bmm","bmad/bmm/workflows/testarch/test-review/instructions.md","ab2f7adfd106652014a1573e2557cfd4c9d0f7017258d68abf8b1470ab82720e"
"md","instructions","bmm","bmad/bmm/workflows/testarch/trace/instructions.md","fe499a09c4bebbff0a0bce763ced2c36bee5c36b268a4abb4e964a309ff2fa20"
"md","instructions","bmm","bmad/bmm/workflows/workflow-status/init/instructions.md","37988b39d3813d1da879d4348c9606c3cd9f1a9f02cfa56a03b3a5cad344c4a6"
"md","instructions","bmm","bmad/bmm/workflows/workflow-status/instructions.md","567a9ea03b3a6625194fb5a3901d8eb96dd203d0e59de4bfcdc2dcab8dd97231"
"md","instructions-deep-prompt","bmm","bmad/bmm/workflows/1-analysis/research/instructions-deep-prompt.md","3312f8b35fe8e1a2ed4a6d3500be237fcee2f935d20ad5b2ae4e6c5bfed19ba6"
"md","instructions-generate-stories","bmm","bmad/bmm/workflows/2-plan-workflows/tech-spec/instructions-generate-stories.md","30c313a4525001bde80a4786791953017c366abd5b5effa5b61f7686fc3d1043"
"md","instructions-market","bmm","bmad/bmm/workflows/1-analysis/research/instructions-market.md","ff67aa72126a60ab718da7acc12de40b58b313e9cfd519ad0ab657b025cc53ac"
"md","instructions-router","bmm","bmad/bmm/workflows/1-analysis/research/instructions-router.md","90644e9c1f1d48c0b50fec35ddfaab3c0f1eb14c0c5e5b0562bf9fa0f3e761e2"
"md","instructions-technical","bmm","bmad/bmm/workflows/1-analysis/research/instructions-technical.md","4140a69386d0b11b4732ae6610a8ee5ed86bf788ef622a851c3141cf2c9af410"
"md","network-first","bmm","bmad/bmm/testarch/knowledge/network-first.md","2920e58e145626f5505bcb75e263dbd0e6ac79a8c4c2ec138f5329e06a6ac014"
"md","nfr-criteria","bmm","bmad/bmm/testarch/knowledge/nfr-criteria.md","e63cee4a0193e4858c8f70ff33a497a1b97d13a69da66f60ed5c9a9853025aa1"
"md","nfr-report-template","bmm","bmad/bmm/workflows/testarch/nfr-assess/nfr-report-template.md","b1d8fcbdfc9715a285a58cb161242dea7d311171c09a2caab118ad8ace62b80c"
"md","party-mode","bmm","bmad/bmm/docs/party-mode.md","7acadc96c7235695a88cba42b5642e1ee3a7f96eb2264862f629e1d4280b9761"
"md","playwright-config","bmm","bmad/bmm/testarch/knowledge/playwright-config.md","42516511104a7131775f4446196cf9e5dd3295ba3272d5a5030660b1dffaa69f"
"md","pm","bmm","bmad/bmm/agents/pm.md","34d6777da3ca7a66aeb6282433532ee7a9784fac172617160255cb5d9ce80fe7"
"md","prd-template","bmm","bmad/bmm/workflows/2-plan-workflows/prd/prd-template.md","456f63362fe44789593e65749244dbf8e0089562c5f6032c500f3b014e0d5bdc"
"md","probability-impact","bmm","bmad/bmm/testarch/knowledge/probability-impact.md","446dba0caa1eb162734514f35366f8c38ed3666528b0b5e16c7f03fd3c537d0f"
"md","project-context","bmm","bmad/bmm/workflows/1-analysis/brainstorm-project/project-context.md","0f1888da4bfc4f24c4de9477bd3ccb2a6fb7aa83c516dfdc1f98fbd08846d4ba"
"md","project-overview-template","bmm","bmad/bmm/workflows/document-project/templates/project-overview-template.md","a7c7325b75a5a678dca391b9b69b1e3409cfbe6da95e70443ed3ace164e287b2"
"md","quick-spec-flow","bmm","bmad/bmm/docs/quick-spec-flow.md","215d508d27ea94e0091fc32f8dce22fadf990b3b9d8b397e2c393436934f85af"
"md","quick-start","bmm","bmad/bmm/docs/quick-start.md","5a7e3b5bbdb9168b0d3f6d19fbc88d4a3778a663b20b3c0f834250de2ce64edc"
"md","README","bmm","bmad/bmm/README.md","ad4e6d0c002e3a5fef1b695bda79e245fe5a43345375c699165b32d6fc511457"
"md","README","bmm","bmad/bmm/docs/README.md","90f473a47da929330407879915c27affed66309c03d1315a4878561b81b0e1ef"
"md","risk-governance","bmm","bmad/bmm/testarch/knowledge/risk-governance.md","2fa2bc3979c4f6d4e1dec09facb2d446f2a4fbc80107b11fc41cbef2b8d65d68"
"md","scale-adaptive-system","bmm","bmad/bmm/docs/scale-adaptive-system.md","4cf37ec35054408aa3b81d7cbfc53d626086527fcd1e855a24e92d1f2aeb5d5b"
"md","selective-testing","bmm","bmad/bmm/testarch/knowledge/selective-testing.md","c14c8e1bcc309dbb86a60f65bc921abf5a855c18a753e0c0654a108eb3eb1f1c"
"md","selector-resilience","bmm","bmad/bmm/testarch/knowledge/selector-resilience.md","a55c25a340f1cd10811802665754a3f4eab0c82868fea61fea9cc61aa47ac179"
"md","sm","bmm","bmad/bmm/agents/sm.md","e5810f67634b0c1009650bff5e2720014540218dd9818e026c022713bd7290f6"
"md","source-tree-template","bmm","bmad/bmm/workflows/document-project/templates/source-tree-template.md","109bc335ebb22f932b37c24cdc777a351264191825444a4d147c9b82a1e2ad7a"
"md","tea","bmm","bmad/bmm/agents/tea.md","98554da8c68e02378e387e8ec79dbcb0fe9dbd95e9f51ffad02478a5b47d2381"
"md","tech-spec-template","bmm","bmad/bmm/workflows/2-plan-workflows/tech-spec/tech-spec-template.md","2b07373b7b23f71849f107b8fd4356fef71ba5ad88d7f333f05547da1d3be313"
"md","tech-writer","bmm","bmad/bmm/agents/tech-writer.md","33251cf2114277dc30edbffea4a4978e8dd1b935b828cdd343b7a2baad932cfb"
"md","template","bmm","bmad/bmm/workflows/1-analysis/domain-research/template.md","5606843f77007d886cc7ecf1fcfddd1f6dfa3be599239c67eff1d8e40585b083"
"md","template","bmm","bmad/bmm/workflows/1-analysis/product-brief/template.md","96f89df7a4dabac6400de0f1d1abe1f2d4713b76fe9433f31c8a885e20d5a5b4"
"md","template","bmm","bmad/bmm/workflows/3-solutioning/implementation-readiness/template.md","d8e5fdd62adf9836f7f6cccd487df9b260b392da2e45d2c849ecc667b9869427"
"md","template","bmm","bmad/bmm/workflows/4-implementation/create-story/template.md","83c5d21312c0f2060888a2a8ba8332b60f7e5ebeb9b24c9ee59ba96114afb9c9"
"md","template","bmm","bmad/bmm/workflows/4-implementation/epic-tech-context/template.md","b5c5d0686453b7c9880d5b45727023f2f6f8d6e491b47267efa8f968f20074e3"
"md","template-deep-prompt","bmm","bmad/bmm/workflows/1-analysis/research/template-deep-prompt.md","2e65c7d6c56e0fa3c994e9eb8e6685409d84bc3e4d198ea462fa78e06c1c0932"
"md","template-market","bmm","bmad/bmm/workflows/1-analysis/research/template-market.md","e5e59774f57b2f9b56cb817c298c02965b92c7d00affbca442366638cd74d9ca"
"md","template-technical","bmm","bmad/bmm/workflows/1-analysis/research/template-technical.md","78caa56ba6eb6922925e5aab4ed4a8245fe744b63c245be29a0612135851f4ca"
"md","test-architecture","bmm","bmad/bmm/docs/test-architecture.md","231473caba99b56d3e4bddde858405246786ffb44bff102bdd09e9f9b2f0da8d"
"md","test-design-template","bmm","bmad/bmm/workflows/testarch/test-design/test-design-template.md","0902ec300d59458bcfc2df24da2622b607b557f26e6d407e093b7c7dbc515ba5"
"md","test-healing-patterns","bmm","bmad/bmm/testarch/knowledge/test-healing-patterns.md","b44f7db1ebb1c20ca4ef02d12cae95f692876aee02689605d4b15fe728d28fdf"
"md","test-levels-framework","bmm","bmad/bmm/testarch/knowledge/test-levels-framework.md","80bbac7959a47a2e7e7de82613296f906954d571d2d64ece13381c1a0b480237"
"md","test-priorities-matrix","bmm","bmad/bmm/testarch/knowledge/test-priorities-matrix.md","321c3b708cc19892884be0166afa2a7197028e5474acaf7bc65c17ac861964a5"
"md","test-quality","bmm","bmad/bmm/testarch/knowledge/test-quality.md","97b6db474df0ec7a98a15fd2ae49671bb8e0ddf22963f3c4c47917bb75c05b90"
"md","test-review-template","bmm","bmad/bmm/workflows/testarch/test-review/test-review-template.md","3e68a73c48eebf2e0b5bb329a2af9e80554ef443f8cd16652e8343788f249072"
"md","timing-debugging","bmm","bmad/bmm/testarch/knowledge/timing-debugging.md","c4c87539bbd3fd961369bb1d7066135d18c6aad7ecd70256ab5ec3b26a8777d9"
"md","trace-template","bmm","bmad/bmm/workflows/testarch/trace/trace-template.md","5453a8e4f61b294a1fc0ba42aec83223ae1bcd5c33d7ae0de6de992e3ee42b43"
"md","user-story-template","bmm","bmad/bmm/workflows/2-plan-workflows/tech-spec/user-story-template.md","4b179d52088745060991e7cfd853da7d6ce5ac0aa051118c9cecea8d59bdaf87"
"md","ux-design-template","bmm","bmad/bmm/workflows/2-plan-workflows/create-ux-design/ux-design-template.md","f9b8ae0fe08c6a23c63815ddd8ed43183c796f266ffe408f3426af1f13b956db"
"md","ux-designer","bmm","bmad/bmm/agents/ux-designer.md","584ee3b2aaf22f7d081b044f31bc90b0eda280d6148af1c64e1cb6da11d0d5b5"
"md","validate-json-instructions","bmm","bmad/bmm/workflows/frame-expert/_shared/validate-json-instructions.md","0970bac93d52b4ee591a11998a02d5682e914649a40725d623489c77f7a1e449"
"md","visual-debugging","bmm","bmad/bmm/testarch/knowledge/visual-debugging.md","072a3d30ba6d22d5e628fc26a08f6e03f8b696e49d5a4445f37749ce5cd4a8a9"
"md","workflow-architecture-reference","bmm","bmad/bmm/docs/workflow-architecture-reference.md","36efd4e3d74d1739455e896e62b7711bf4179c572f1eef7a7fae7f2385adcc6d"
"md","workflow-document-project-reference","bmm","bmad/bmm/docs/workflow-document-project-reference.md","ae07462c68758985b4f84183d0921453c08e23fe38b0fa1a67d5e3a9f23f4c50"
"md","workflows-analysis","bmm","bmad/bmm/docs/workflows-analysis.md","4dd00c829adcf881ecb96e083f754a4ce109159cfdaff8a5a856590ba33f1d74"
"md","workflows-implementation","bmm","bmad/bmm/docs/workflows-implementation.md","9b6b3f4811cdd4907db3ccb0578dc8f8bdf7957e73b6d79e72821d4f8be6f34c"
"md","workflows-planning","bmm","bmad/bmm/docs/workflows-planning.md","3daeb274ad2564f8b1d109f78204b146a004c9edce6e7844ffa30da5a7e98066"
"md","workflows-solutioning","bmm","bmad/bmm/docs/workflows-solutioning.md","933a8d9da5e4378506d8539e1b74bb505149eeecdd8be9f4e8ccc98a282d0e4c"
"xml","context-template","bmm","bmad/bmm/workflows/4-implementation/story-context/context-template.xml","582374f4d216ba60f1179745b319bbc2becc2ac92d7d8a19ac3273381a5c2549"
"yaml","analyst.agent","bmm","bmad/bmm/agents/analyst.agent.yaml",""
"yaml","architect.agent","bmm","bmad/bmm/agents/architect.agent.yaml",""
"yaml","architecture-patterns","bmm","bmad/bmm/workflows/3-solutioning/architecture/architecture-patterns.yaml","00b9878fd753b756eec16a9f416b4975945d6439e1343673540da4bccb0b83f5"
"yaml","config","bmm","bmad/bmm/config.yaml","cf88b980f98cc0a0b34e2cf52173280b36313e91188c262b5d12fc51a7220c44"
"yaml","decision-catalog","bmm","bmad/bmm/workflows/3-solutioning/architecture/decision-catalog.yaml","f7fc2ed6ec6c4bd78ec808ad70d24751b53b4835e0aad1088057371f545d3c82"
"yaml","deep-dive","bmm","bmad/bmm/workflows/document-project/workflows/deep-dive.yaml","c401fb8d94ca96f3bb0ccc1146269e1bfa4ce4eadab52bd63c7fcff6c2f26216"
"yaml","dev.agent","bmm","bmad/bmm/agents/dev.agent.yaml",""
"yaml","enterprise-brownfield","bmm","bmad/bmm/workflows/workflow-status/paths/enterprise-brownfield.yaml","23763ced989bb3567f51a6c0bdf48713f608e54f99cf266b727acd4f401aa3a6"
"yaml","enterprise-greenfield","bmm","bmad/bmm/workflows/workflow-status/paths/enterprise-greenfield.yaml","ad744ed7db6d41968d05110020f8164822eeb804c9df09c1c5d6ff7a2171be7f"
"yaml","excalidraw-templates","bmm","bmad/bmm/workflows/frame-expert/_shared/excalidraw-templates.yaml","ca6e4ae85b5ab16df184ce1ddfdf83b20f9540db112ebf195cb793017f014a70"
"yaml","frame-expert.agent","bmm","bmad/bmm/agents/frame-expert.agent.yaml",""
"yaml","full-scan","bmm","bmad/bmm/workflows/document-project/workflows/full-scan.yaml","3d2e620b58902ab63e2d83304180ecd22ba5ab07183b3afb47261343647bde6f"
"yaml","game-design","bmm","bmad/bmm/workflows/workflow-status/paths/game-design.yaml","f5228c1cd593348f03824535e19a6c41b926a49a0c63ca320a2cd2e0d8b11976"
"yaml","github-actions-template","bmm","bmad/bmm/workflows/testarch/ci/github-actions-template.yaml","28c0de7c96481c5a7719596c85dd0ce8b5dc450d360aeaa7ebf6294dcf4bea4c"
"yaml","gitlab-ci-template","bmm","bmad/bmm/workflows/testarch/ci/gitlab-ci-template.yaml","bc83b9240ad255c6c2a99bf863b9e519f736c99aeb4b1e341b07620d54581fdc"
"yaml","injections","bmm","bmad/bmm/workflows/1-analysis/research/claude-code/injections.yaml","dd6dd6e722bf661c3c51d25cc97a1e8ca9c21d517ec0372e469364ba2cf1fa8b"
"yaml","method-brownfield","bmm","bmad/bmm/workflows/workflow-status/paths/method-brownfield.yaml","82c7fe0c24ca8ff0c2b69ba86d0b8f5e0a3df72c30d03933a13a664b94c1b97f"
"yaml","method-greenfield","bmm","bmad/bmm/workflows/workflow-status/paths/method-greenfield.yaml","ec9560097a3cbd94f27a6040368ff183dbf0651d82717aab732db9e87aec396c"
"yaml","pm.agent","bmm","bmad/bmm/agents/pm.agent.yaml",""
"yaml","project-levels","bmm","bmad/bmm/workflows/workflow-status/project-levels.yaml","414b9aefff3cfe864e8c14b55595abfe3157fd20d9ee11bb349a2b8c8e8b5449"
"yaml","quick-flow-brownfield","bmm","bmad/bmm/workflows/workflow-status/paths/quick-flow-brownfield.yaml","0d8837a07efaefe06b29c1e58fee982fafe6bbb40c096699bd64faed8e56ebf8"
"yaml","quick-flow-greenfield","bmm","bmad/bmm/workflows/workflow-status/paths/quick-flow-greenfield.yaml","c6eae1a3ef86e87bd48a285b11989809526498dc15386fa949279f2e77b011d5"
"yaml","sm.agent","bmm","bmad/bmm/agents/sm.agent.yaml",""
"yaml","sprint-status-template","bmm","bmad/bmm/workflows/4-implementation/sprint-planning/sprint-status-template.yaml","1b9f6bc7955c9caedfc14e0bbfa01e3f4fd5f720a91142fb6e9027431f965a48"
"yaml","tea.agent","bmm","bmad/bmm/agents/tea.agent.yaml",""
"yaml","team-fullstack","bmm","bmad/bmm/teams/team-fullstack.yaml","3bc35195392607b6298c36a7f1f7cb94a8ac0b0e6febe61f745009a924caee7c"
"yaml","tech-writer.agent","bmm","bmad/bmm/agents/tech-writer.agent.yaml",""
"yaml","ux-designer.agent","bmm","bmad/bmm/agents/ux-designer.agent.yaml",""
"yaml","workflow","bmm","bmad/bmm/workflows/1-analysis/brainstorm-project/workflow.yaml","38d859ea65db2cc2eebb0dbf1679711dad92710d8da2c2d9753b852055abd970"
"yaml","workflow","bmm","bmad/bmm/workflows/1-analysis/domain-research/workflow.yaml","919fb482ff0d94e836445f0321baea2426c30207eb01c899aa977e8bcc7fcac7"
"yaml","workflow","bmm","bmad/bmm/workflows/1-analysis/product-brief/workflow.yaml","4dbd4969985af241fea608811af4391bfcfd824d49e0c41ee46aa630116681d9"
"yaml","workflow","bmm","bmad/bmm/workflows/1-analysis/research/workflow.yaml","3489d4989ad781f67909269e76b439122246d667d771cbb64988e4624ee2572a"
"yaml","workflow","bmm","bmad/bmm/workflows/2-plan-workflows/create-epics-and-stories/workflow.yaml","17fec265a271b42acefb2a0117eecd28d0a07365295e5e04c1347b37cf6f41fa"
"yaml","workflow","bmm","bmad/bmm/workflows/2-plan-workflows/create-ux-design/workflow.yaml","e640ee7ccdb60a3a49b58faff1c99ad3ddcacb8580b059285918d403addcc9cd"
"yaml","workflow","bmm","bmad/bmm/workflows/2-plan-workflows/prd/workflow.yaml","a6b8d830f1bddb5823ef00f23f3ca4d6a143bbc090168925c0e0de48e2da4204"
"yaml","workflow","bmm","bmad/bmm/workflows/2-plan-workflows/tech-spec/workflow.yaml","3971c1c6e6ebca536e4667f226387ac9068c6e7f5ee9417445774bfc2481aa20"
"yaml","workflow","bmm","bmad/bmm/workflows/3-solutioning/architecture/workflow.yaml","f0b5f401122a2e899c653cea525b177ceb3291a44d2375b0cd95b9f57af23e6a"
"yaml","workflow","bmm","bmad/bmm/workflows/3-solutioning/implementation-readiness/workflow.yaml","e2867da72a2769247c6b1588b76701b36e49b263e26c2949a660829792ac40e2"
"yaml","workflow","bmm","bmad/bmm/workflows/4-implementation/code-review/workflow.yaml","f933eb1f31c8acf143e6e2c10ae7b828cd095b101d1dfa27a20678878a914bbc"
"yaml","workflow","bmm","bmad/bmm/workflows/4-implementation/correct-course/workflow.yaml","53bc0f2bc058cabf28febb603fd9be5d1171f6c8db14715ab65e7a0798bde696"
"yaml","workflow","bmm","bmad/bmm/workflows/4-implementation/create-story/workflow.yaml","11c3eaa0a9d8e20d6943bb6f61386ca62b83627b93c67f880b210bcc52cf381f"
"yaml","workflow","bmm","bmad/bmm/workflows/4-implementation/dev-story/workflow.yaml","540c72d6b499413c898bdc4186001a123079cc098a2fa48a6b6adbf72d9f59a4"
"yaml","workflow","bmm","bmad/bmm/workflows/4-implementation/epic-tech-context/workflow.yaml","33004b358aec14166877a1ae29c032b3a571c8534edd5cd167b25533d2d0e81d"
"yaml","workflow","bmm","bmad/bmm/workflows/4-implementation/retrospective/workflow.yaml","f9ccda4e0e7728797ce021f5ae40e5d5632450453471d932a8b7577c600f9434"
"yaml","workflow","bmm","bmad/bmm/workflows/4-implementation/sprint-planning/workflow.yaml","da7d8d4ff8427c866b094821a50e6d6a7c75bf9a51da613499616cee0b4d1a3c"
"yaml","workflow","bmm","bmad/bmm/workflows/4-implementation/story-context/workflow.yaml","aca36ea3cfa557f8745f0c913d2acaee0e577f7edc9cd0b64041bdfcabd5d137"
"yaml","workflow","bmm","bmad/bmm/workflows/4-implementation/story-done/workflow.yaml","c55568088bbbc6d4c3c3c19a2428d670bbdd87166ad100a0bd983bda9914e33c"
"yaml","workflow","bmm","bmad/bmm/workflows/4-implementation/story-ready/workflow.yaml","a4a322305f77a73bc265af81d124129f13457f0aceda535adda86efc3d538bcb"
"yaml","workflow","bmm","bmad/bmm/workflows/document-project/workflow.yaml","219333bb489c0aa0b2538a4801a381502a9f581839889262f6ef102ea4d54be7"
"yaml","workflow","bmm","bmad/bmm/workflows/frame-expert/create-dataflow/workflow.yaml","efe38046715c612b1c3da08e1564ada88df0a5b625a5038dac98d1bb65c6015c"
"yaml","workflow","bmm","bmad/bmm/workflows/frame-expert/create-diagram/workflow.yaml","4a8880b25cebf2f2dc0747b7d0eea216bdef317add56365bf25f391c927b60c6"
"yaml","workflow","bmm","bmad/bmm/workflows/frame-expert/create-flowchart/workflow.yaml","0040fa058814ff90bc432286d759ad520d483c2162becb0f8619d66b111242ef"
"yaml","workflow","bmm","bmad/bmm/workflows/frame-expert/create-wireframe/workflow.yaml","86525402c399775c9509a8db59ad2d26c85d19131b3b5f59adff181f8f1dd1bd"
"yaml","workflow","bmm","bmad/bmm/workflows/testarch/atdd/workflow.yaml","e0c095c8844f0a92f961e3570d5887b8a7be39a6a2e8c7c449f13eb9cf3e0fb9"
"yaml","workflow","bmm","bmad/bmm/workflows/testarch/automate/workflow.yaml","b7b3d6552f8d3e2a0d9243fca27e30ad5103e38798fadd02b6b376b3f0532aac"
"yaml","workflow","bmm","bmad/bmm/workflows/testarch/ci/workflow.yaml","d8d59916c937fef9ee5e2c454cfa0cda33e58d21b211d562a05681587b8fdde0"
"yaml","workflow","bmm","bmad/bmm/workflows/testarch/framework/workflow.yaml","2774679175fed88d0ef21be44418a26a82a5b9d1aa08c906373a638e7877d523"
"yaml","workflow","bmm","bmad/bmm/workflows/testarch/nfr-assess/workflow.yaml","dad49221c4dcb4e1fbcc118b5caae13c63a050412e402ff65b6971cfab281fe3"
"yaml","workflow","bmm","bmad/bmm/workflows/testarch/test-design/workflow.yaml","494d12c966022969c74caeb336e80bb0fce05f0bb4f83581ab7111e9f6f0596d"
"yaml","workflow","bmm","bmad/bmm/workflows/testarch/test-review/workflow.yaml","c5e272f9969b704aa56b83a22f727fa2188490d7f6e347bc65966e0513eefa96"
"yaml","workflow","bmm","bmad/bmm/workflows/testarch/trace/workflow.yaml","841eec77aba6490ba5672ac2c01ce570c38011e94574d870e8ba15bba78509f4"
"yaml","workflow","bmm","bmad/bmm/workflows/workflow-status/init/workflow.yaml","3f54117211a421790df59c6c0a15d6ba6be33a001489d013870f939aaa649436"
"yaml","workflow","bmm","bmad/bmm/workflows/workflow-status/workflow.yaml","6a1ad67ec954660fd8e7433b55ab3b75e768f7efa33aad36cf98cdbc2ef6575b"
"yaml","workflow-status-template","bmm","bmad/bmm/workflows/workflow-status/workflow-status-template.yaml","0ec9c95f1690b7b7786ffb4ab10663c93b775647ad58e283805092e1e830a0d9"
"csv","adv-elicit-methods","core","bmad/core/tasks/adv-elicit-methods.csv","b4e925870f902862899f12934e617c3b4fe002d1b652c99922b30fa93482533b"
"csv","advanced-elicitation-methods","core","bmad/core/tasks/advanced-elicitation-methods.csv","a8fe633e66471b69224ec2ee67c6bb2480c33c6fa9d416f672e3a5620ec5f33b"
"csv","brain-methods","core","bmad/core/workflows/brainstorming/brain-methods.csv","ecffe2f0ba263aac872b2d2c95a3f7b1556da2a980aa0edd3764ffb2f11889f3"
"md","bmad-master","core","bmad/core/agents/bmad-master.md","684b7872611e5979fbe420e0c96e9910355e181b49aed0317d872381e154e299"
"md","instructions","core","bmad/core/workflows/brainstorming/instructions.md","fb4757564c03e1624e74f6ee344b286db3c2f7db23d2a8007152d807304cd3a6"
"md","instructions","core","bmad/core/workflows/party-mode/instructions.md","768a835653fea54cbf4f7136e19f968add5ccf4b1dbce5636c5268d74b1b7181"
"md","README","core","bmad/core/workflows/brainstorming/README.md","57564ec8cb336945da8b7cab536076c437ff6c61a628664964058c76f4cd1360"
"md","template","core","bmad/core/workflows/brainstorming/template.md","f2fe173a1a4bb1fba514652b314e83f7d78c68d09fb68071f9c2e61ee9f61576"
"xml","advanced-elicitation","core","bmad/core/tasks/advanced-elicitation.xml","afb4020a20d26c92a694b77523426915b6e9665afb80ef5f76aded7f1d626ba6"
"xml","bmad-web-orchestrator.agent","core","bmad/core/agents/bmad-web-orchestrator.agent.xml","2c2c3145d2c54ef40e1aa58519ae652fc2f63cb80b3e5236d40019e177853e0e"
"xml","index-docs","core","bmad/core/tasks/index-docs.xml","c6a9d79628fd1246ef29e296438b238d21c68f50eadb16219ac9d6200cf03628"
"xml","shard-doc","core","bmad/core/tools/shard-doc.xml","a0ddae908e440be3f3f40a96f7b288bcbf9fa3f8dc45d22814a957e807d2bedc"
"xml","validate-workflow","core","bmad/core/tasks/validate-workflow.xml","63580411c759ee317e58da8bda6ceba27dbf9d3742f39c5c705afcd27361a9ee"
"xml","workflow","core","bmad/core/tasks/workflow.xml","dcf69e99ec2996b85da1de9fac3715ae5428270d07817c40f04ae880fcc233fc"
"yaml","bmad-master.agent","core","bmad/core/agents/bmad-master.agent.yaml",""
"yaml","config","core","bmad/core/config.yaml","dbbc437b16ef4e65897eadd27ed871c80a18b7ebd3d9612248433c2ba968acfd"
"yaml","workflow","core","bmad/core/workflows/brainstorming/workflow.yaml","93b452218ce086c72b95685fd6d007a0f5c5ebece1d5ae4e1e9498623f53a424"
"yaml","workflow","core","bmad/core/workflows/party-mode/workflow.yaml","1dcab5dc1d3396a16206775f2ee47f1ccb73a230c223c89de23ea1790ceaa3b7"
